Id,lon,lat,depth
3569,100.502083333,7.032916666333331,0.5
3585,100.477083333,7.032083332999997,1.0
3592,100.502083333,7.032083332999997,2.0
3608,100.479583333,7.031249999666664,1.0
3615,100.5012499996667,7.031249999666664,1.5
3616,100.502083333,7.031249999666664,0.5
3628,100.4762499996667,7.030416666333331,1.5
3629,100.477083333,7.030416666333331,1.0
3630,100.4787499996667,7.030416666333331,2.0
3631,100.479583333,7.030416666333331,1.5
3651,100.474583333,7.029583332999998,1.5
3652,100.4779166663333,7.029583332999998,1.5
3653,100.479583333,7.029583332999998,1.0
3662,100.5004166663333,7.029583332999998,1.0
3663,100.502083333,7.029583332999998,1.5
3676,100.4754166663333,7.028749999666664,1.5
3677,100.477083333,7.028749999666664,1.0
3678,100.4779166663333,7.028749999666664,2.5
3679,100.4787499996667,7.028749999666664,1.5
3680,100.4804166663333,7.028749999666664,2.5
3688,100.5004166663333,7.028749999666664,2.5
3689,100.5012499996667,7.028749999666664,0.5
3702,100.4704166663333,7.027916666333331,1.5
3703,100.472083333,7.027916666333331,1.5
3704,100.4737499996667,7.027916666333331,1.0
3705,100.4762499996667,7.027916666333331,2.5
3706,100.4762499996667,7.027916666333331,2.0
3707,100.4787499996667,7.027916666333331,2.0
3712,100.5012499996667,7.027916666333331,1.5
3724,100.4704166663333,7.027083332999998,2.5
3725,100.472083333,7.027083332999998,1.0
3726,100.474583333,7.027083332999998,2.5
3727,100.4762499996667,7.027083332999998,2.0
3728,100.4787499996667,7.027083332999998,1.5
3729,100.479583333,7.027083332999998,1.0
3736,100.5004166663333,7.027083332999998,1.0
3737,100.5012499996667,7.027083332999998,0.5
3741,100.454583333,7.026249999666664,0.5
3745,100.4679166663333,7.026249999666664,0.5
3746,100.4687499996667,7.026249999666664,1.5
3747,100.469583333,7.026249999666664,1.0
3748,100.472083333,7.026249999666664,2.5
3749,100.472083333,7.026249999666664,2.0
3750,100.477083333,7.026249999666664,1.5
3751,100.4779166663333,7.026249999666664,1.0
3752,100.479583333,7.026249999666664,2.0
3753,100.4804166663333,7.026249999666664,0.5
3758,100.5004166663333,7.026249999666664,0.5
3759,100.5004166663333,7.026249999666664,1.5
3762,100.457083333,7.025416666333331,2.5
3763,100.4579166663333,7.025416666333331,1.0
3768,100.467083333,7.025416666333331,2.0
3769,100.469583333,7.025416666333331,2.0
3770,100.474583333,7.025416666333331,1.5
3771,100.4754166663333,7.025416666333331,2.0
3772,100.479583333,7.026249999666664,1.5
3778,100.5004166663333,7.025416666333331,1.0
3782,100.452083333,7.024583332999997,1.5
3783,100.4529166663333,7.024583332999997,1.0
3784,100.454583333,7.024583332999997,2.0
3785,100.4554166663333,7.024583332999997,2.5
3786,100.457083333,7.024583332999997,1.0
3787,100.459583333,7.024583332999997,1.0
3788,100.4679166663333,7.024583332999997,0.5
3789,100.4762499996667,7.024583332999997,1.0
3790,100.477083333,7.024583332999997,1.5
3793,100.499583333,7.024583332999997,1.5
3803,100.452083333,7.023749999666665,1.0
3804,100.4537499996667,7.024583332999997,2.5
3805,100.4562499996667,7.023749999666665,1.5
3806,100.4654166663333,7.023749999666665,1.5
3807,100.4662499996667,7.023749999666665,1.5
3808,100.477083333,7.023749999666665,2.0
3809,100.477083333,7.023749999666665,2.5
3822,100.4529166663333,7.022916666333331,2.5
3823,100.4554166663333,7.022916666333331,1.0
3824,100.459583333,7.022916666333331,0.5
3825,100.4604166663333,7.022916666333331,1.5
3828,100.4662499996667,7.022916666333331,2.5
3829,100.4762499996667,7.022916666333331,0.5
3834,100.4987499996667,7.022916666333331,2.0
3835,100.4987499996667,7.022916666333331,2.5
3842,100.4537499996667,7.022083332999998,1.5
3843,100.454583333,7.022083332999998,2.5
3844,100.4579166663333,7.022083332999998,0.5
3845,100.4612499996667,7.022083332999998,1.0
3846,100.462083333,7.022083332999998,1.5
3848,100.4712499996667,7.022083332999998,1.0
3849,100.4737499996667,7.022083332999998,1.0
3850,100.474583333,7.022083332999998,2.5
3851,100.4754166663333,7.022083332999998,1.5
3852,100.477083333,7.022083332999998,2.0
3853,100.4812499996667,7.022083332999998,0.5
3855,100.4904166663333,7.022083332999998,2.5
3856,100.4937499996667,7.022083332999998,1.5
3857,100.4954166663333,7.022083332999998,2.0
3858,100.497083333,7.022083332999998,0.5
3859,100.4979166663333,7.022083332999998,2.5
3870,100.454583333,7.021249999666664,1.0
3871,100.4612499996667,7.021249999666664,2.0
3872,100.462083333,7.021249999666664,1.0
3873,100.4629166663333,7.021249999666664,0.5
3874,100.4654166663333,7.021249999666664,1.5
3875,100.4662499996667,7.021249999666664,1.0
3876,100.4679166663333,7.021249999666664,1.0
3877,100.4704166663333,7.021249999666664,2.5
3878,100.4729166663333,7.021249999666664,2.0
3879,100.474583333,7.021249999666664,2.0
3880,100.4754166663333,7.021249999666664,0.5
3881,100.4787499996667,7.021249999666664,0.5
3882,100.479583333,7.021249999666664,1.0
3883,100.482083333,7.021249999666664,1.5
3884,100.4829166663333,7.021249999666664,2.0
3885,100.484583333,7.021249999666664,0.5
3886,100.4887499996667,7.021249999666664,1.0
3887,100.4904166663333,7.021249999666664,2.0
3888,100.4912499996667,7.021249999666664,0.5
3889,100.4937499996667,7.021249999666664,2.5
3890,100.4979166663333,7.021249999666664,1.5
3901,100.454583333,7.020416666333331,1.0
3902,100.459583333,7.020416666333331,1.5
3903,100.4612499996667,7.020416666333331,1.0
3904,100.4612499996667,7.020416666333331,0.5
3905,100.4662499996667,7.020416666333331,1.5
3906,100.4679166663333,7.020416666333331,2.0
3907,100.4687499996667,7.020416666333331,1.5
3908,100.469583333,7.020416666333331,1.0
3909,100.4712499996667,7.020416666333331,2.0
3910,100.4737499996667,7.020416666333331,2.5
3911,100.474583333,7.020416666333331,1.5
3912,100.4779166663333,7.020416666333331,1.5
3913,100.4804166663333,7.020416666333331,2.5
3914,100.4829166663333,7.020416666333331,2.5
3915,100.4854166663333,7.020416666333331,0.5
3916,100.4862499996667,7.020416666333331,2.0
3917,100.487083333,7.020416666333331,2.5
3918,100.4887499996667,7.020416666333331,2.5
3919,100.4887499996667,7.020416666333331,2.0
3920,100.494583333,7.020416666333331,2.5
3921,100.497083333,7.020416666333331,1.5
3922,100.4979166663333,7.020416666333331,0.5
3938,100.454583333,7.019583332999997,1.5
3939,100.457083333,7.019583332999997,2.5
3940,100.4587499996667,7.019583332999997,1.0
3941,100.4604166663333,7.019583332999997,2.5
3942,100.4729166663333,7.019583332999997,1.0
3943,100.4737499996667,7.019583332999997,1.0
3944,100.4812499996667,7.019583332999997,2.0
3945,100.482083333,7.019583332999997,1.0
3946,100.4862499996667,7.019583332999997,1.5
3947,100.487083333,7.019583332999997,1.0
3948,100.4904166663333,7.019583332999997,1.5
3949,100.4954166663333,7.019583332999997,1.0
3950,100.497083333,7.019583332999997,2.5
3951,100.497083333,7.019583332999997,1.5
3966,100.457083333,7.018749999666664,2.0
3967,100.457083333,7.018749999666664,2.5
3968,100.4679166663333,7.018749999666664,2.0
3969,100.4729166663333,7.018749999666664,2.0
3970,100.482083333,7.018749999666664,1.5
3971,100.4837499996667,7.018749999666664,2.0
3972,100.487083333,7.018749999666664,2.5
3973,100.4879166663333,7.018749999666664,1.5
3974,100.489583333,7.018749999666664,2.5
3975,100.4912499996667,7.018749999666664,0.5
3976,100.492083333,7.018749999666664,1.5
3977,100.4937499996667,7.018749999666664,1.0
3978,100.4962499996667,7.018749999666664,1.5
3979,100.497083333,7.018749999666664,2.0
3989,100.457083333,7.017916666333331,2.5
3990,100.464583333,7.017916666333331,0.5
3991,100.4654166663333,7.017916666333331,2.0
3992,100.4687499996667,7.017916666333331,2.0
3993,100.469583333,7.017916666333331,1.5
3994,100.469583333,7.017916666333331,1.0
3995,100.4729166663333,7.017916666333331,1.0
3996,100.4804166663333,7.017916666333331,0.5
3997,100.4829166663333,7.017916666333331,0.5
3998,100.4854166663333,7.017916666333331,1.5
3999,100.487083333,7.017916666333331,1.0
4000,100.4962499996667,7.017916666333331,2.0
4001,100.4962499996667,7.017916666333331,1.5
4014,100.4537499996667,7.017083332999998,0.5
4015,100.4562499996667,7.017083332999998,2.0
4016,100.459583333,7.017083332999998,0.5
4017,100.4662499996667,7.017083332999998,2.5
4018,100.4687499996667,7.017083332999998,1.5
4019,100.469583333,7.017083332999998,1.0
4020,100.4829166663333,7.017083332999998,2.0
4021,100.4837499996667,7.017083332999998,1.5
4022,100.484583333,7.017083332999998,0.5
4023,100.4854166663333,7.017083332999998,1.0
4024,100.4904166663333,7.017083332999998,1.5
4025,100.492083333,7.017083332999998,0.5
4026,100.494583333,7.017083332999998,1.0
4040,100.4529166663333,7.016249999666664,0.5
4041,100.454583333,7.016249999666664,1.5
4042,100.4562499996667,7.016249999666664,1.0
4043,100.459583333,7.016249999666664,2.0
4044,100.4604166663333,7.016249999666664,0.5
4045,100.4629166663333,7.016249999666664,1.0
4046,100.464583333,7.016249999666664,2.0
4047,100.4654166663333,7.016249999666664,0.5
4048,100.4662499996667,7.016249999666664,1.5
4049,100.4679166663333,7.016249999666664,1.0
4050,100.469583333,7.016249999666664,0.5
4051,100.4704166663333,7.016249999666664,1.0
4052,100.4787499996667,7.016249999666664,1.0
4053,100.4804166663333,7.016249999666664,2.0
4054,100.4812499996667,7.016249999666664,0.5
4055,100.482083333,7.016249999666664,1.0
4056,100.4829166663333,7.016249999666664,1.5
4057,100.487083333,7.016249999666664,1.5
4058,100.4879166663333,7.016249999666664,2.5
4059,100.4887499996667,7.016249999666664,1.0
4060,100.4904166663333,7.016249999666664,0.5
4061,100.4929166663333,7.016249999666664,1.5
4062,100.4937499996667,7.016249999666664,2.5
4063,100.4954166663333,7.016249999666664,1.0
4064,100.4962499996667,7.016249999666664,1.5
4065,100.4979166663333,7.016249999666664,2.5
4077,100.4537499996667,7.015416666333331,0.5
4078,100.4662499996667,7.015416666333331,0.5
4079,100.467083333,7.015416666333331,2.5
4080,100.4679166663333,7.015416666333331,2.0
4081,100.4679166663333,7.015416666333331,2.5
4082,100.4779166663333,7.015416666333331,0.5
4083,100.484583333,7.015416666333331,1.0
4084,100.4854166663333,7.015416666333331,2.5
4085,100.4862499996667,7.015416666333331,1.0
4086,100.489583333,7.015416666333331,2.0
4087,100.4904166663333,7.016249999666664,1.5
4088,100.4937499996667,7.015416666333331,2.0
4089,100.494583333,7.015416666333331,0.5
4090,100.4954166663333,7.015416666333331,2.5
4091,100.497083333,7.015416666333331,0.5
4092,100.497083333,7.015416666333331,1.5
4101,100.4554166663333,7.014583332999997,2.5
4102,100.4562499996667,7.014583332999997,1.5
4103,100.459583333,7.014583332999997,2.0
4104,100.4679166663333,7.014583332999997,2.5
4105,100.4704166663333,7.014583332999997,1.5
4106,100.4712499996667,7.014583332999997,0.5
4107,100.4729166663333,7.014583332999997,2.0
4108,100.477083333,7.014583332999997,2.5
4109,100.4787499996667,7.014583332999997,1.0
4110,100.4854166663333,7.014583332999997,1.0
4111,100.4887499996667,7.014583332999997,0.5
4112,100.489583333,7.014583332999997,2.5
4113,100.4929166663333,7.014583332999997,0.5
4114,100.4937499996667,7.014583332999997,2.5
4115,100.4937499996667,7.014583332999997,1.5
4134,100.4662499996667,7.013749999666664,0.5
4135,100.4679166663333,7.013749999666664,1.0
4136,100.4687499996667,7.013749999666664,2.5
4137,100.4704166663333,7.013749999666664,2.0
4138,100.472083333,7.013749999666664,2.5
4139,100.477083333,7.013749999666664,0.5
4140,100.4779166663333,7.013749999666664,1.0
4141,100.482083333,7.013749999666664,1.5
4142,100.482083333,7.013749999666664,0.5
4143,100.4854166663333,7.013749999666664,2.5
4144,100.4862499996667,7.013749999666664,2.0
4145,100.487083333,7.013749999666664,1.5
4146,100.4879166663333,7.013749999666664,0.5
4147,100.489583333,7.013749999666664,1.5
4148,100.492083333,7.014583332999997,0.5
4162,100.4529166663333,7.01291666633333,0.5
4163,100.4529166663333,7.01291666633333,1.0
4164,100.4562499996667,7.01291666633333,1.0
4165,100.459583333,7.01291666633333,1.0
4166,100.4629166663333,7.01291666633333,1.0
4167,100.4679166663333,7.01291666633333,2.5
4168,100.4679166663333,7.01291666633333,1.5
4169,100.4712499996667,7.01291666633333,1.0
4170,100.472083333,7.01291666633333,0.5
4171,100.4754166663333,7.01291666633333,2.0
4172,100.4762499996667,7.01291666633333,1.5
4173,100.477083333,7.01291666633333,1.0
4174,100.4779166663333,7.01291666633333,0.5
4175,100.479583333,7.01291666633333,1.5
4176,100.484583333,7.01291666633333,1.0
4177,100.4854166663333,7.01291666633333,1.5
4178,100.4879166663333,7.01291666633333,2.0
4179,100.4887499996667,7.01291666633333,1.0
4180,100.4887499996667,7.01291666633333,2.0
4195,100.4512499996667,7.012083332999998,1.5
4196,100.452083333,7.012083332999998,2.5
4197,100.4529166663333,7.012083332999998,1.5
4198,100.4612499996667,7.012083332999998,1.0
4199,100.4662499996667,7.012083332999998,2.0
4200,100.4662499996667,7.012083332999998,2.5
4201,100.4712499996667,7.012083332999998,2.5
4202,100.4729166663333,7.012083332999998,1.0
4203,100.4754166663333,7.012083332999998,2.5
4204,100.4787499996667,7.012083332999998,0.5
4205,100.4837499996667,7.012083332999998,1.5
4206,100.487083333,7.012083332999998,0.5
4207,100.487083333,7.012083332999998,2.5
4231,100.4529166663333,7.011249999666664,2.0
4232,100.454583333,7.011249999666664,0.5
4233,100.4554166663333,7.011249999666664,1.5
4234,100.4562499996667,7.011249999666664,1.0
4235,100.4679166663333,7.011249999666664,2.0
4236,100.4712499996667,7.011249999666664,2.0
4237,100.4729166663333,7.011249999666664,0.5
4238,100.4762499996667,7.011249999666664,0.5
4239,100.4779166663333,7.011249999666664,2.0
4240,100.4779166663333,7.011249999666664,1.0
4241,100.4812499996667,7.011249999666664,1.0
4260,100.4529166663333,7.010416666333331,1.5
4261,100.454583333,7.010416666333331,1.5
4262,100.4554166663333,7.010416666333331,0.5
4263,100.4562499996667,7.010416666333331,1.5
4264,100.4579166663333,7.010416666333331,1.5
4265,100.4612499996667,7.010416666333331,2.5
4266,100.4654166663333,7.010416666333331,1.5
4267,100.4662499996667,7.010416666333331,1.0
4268,100.467083333,7.010416666333331,2.5
4269,100.4679166663333,7.010416666333331,1.0
4270,100.469583333,7.010416666333331,0.5
4271,100.469583333,7.010416666333331,1.0
4272,100.4812499996667,7.010416666333331,0.5
4273,100.4854166663333,7.010416666333331,2.5
4274,100.4862499996667,7.010416666333331,1.5
4275,100.487083333,7.010416666333331,2.5
4297,100.4529166663333,7.009583332999997,0.5
4298,100.457083333,7.009583332999997,1.0
4299,100.4587499996667,7.009583332999997,1.0
4300,100.464583333,7.009583332999997,1.0
4301,100.469583333,7.009583332999997,2.0
4302,100.4737499996667,7.010416666333331,1.5
4303,100.477083333,7.009583332999997,0.5
4304,100.4779166663333,7.009583332999997,1.0
4305,100.4787499996667,7.009583332999997,1.5
4306,100.479583333,7.009583332999997,1.0
4307,100.4862499996667,7.009583332999997,0.5
4323,100.4529166663333,7.008749999666664,2.0
4324,100.457083333,7.008749999666664,2.5
4325,100.4587499996667,7.008749999666664,2.5
4326,100.4637499996667,7.008749999666664,2.5
4327,100.464583333,7.008749999666664,2.0
4328,100.4679166663333,7.008749999666664,2.0
4329,100.4687499996667,7.008749999666664,1.0
4330,100.469583333,7.008749999666664,1.5
4331,100.4704166663333,7.008749999666664,2.0
4332,100.472083333,7.008749999666664,2.0
4333,100.4729166663333,7.008749999666664,1.5
4334,100.4762499996667,7.008749999666664,2.5
4335,100.4787499996667,7.008749999666664,1.0
4336,100.4829166663333,7.008749999666664,2.5
4337,100.4837499996667,7.008749999666664,2.0
4338,100.484583333,7.008749999666664,1.0
4339,100.4862499996667,7.008749999666664,2.5
4363,100.4529166663333,7.007916666333331,1.0
4364,100.4579166663333,7.007916666333331,2.0
4365,100.467083333,7.007916666333331,1.0
4366,100.4679166663333,7.007916666333331,1.5
4367,100.469583333,7.008749999666664,1.5
4368,100.474583333,7.007916666333331,2.0
4369,100.4762499996667,7.007916666333331,1.0
4370,100.477083333,7.007916666333331,1.5
4371,100.4779166663333,7.007916666333331,0.5
4372,100.4812499996667,7.007916666333331,1.5
4373,100.482083333,7.007916666333331,0.5
4374,100.4829166663333,7.007916666333331,2.0
4375,100.4862499996667,7.007916666333331,1.0
4389,100.4587499996667,7.007083332999998,2.0
4390,100.4679166663333,7.007083332999998,2.0
4391,100.472083333,7.007083332999998,1.5
4392,100.474583333,7.007083332999998,1.0
4393,100.4779166663333,7.007083332999998,1.5
4394,100.4787499996667,7.007083332999998,1.0
4395,100.4804166663333,7.007083332999998,2.5
4396,100.482083333,7.007083332999998,1.0
4397,100.484583333,7.007083332999998,1.5
4398,100.4879166663333,7.007083332999998,0.5
4415,100.462083333,7.006249999666665,2.5
4416,100.4679166663333,7.006249999666665,2.5
4417,100.4687499996667,7.006249999666665,1.0
4418,100.4729166663333,7.006249999666665,2.0
4419,100.4737499996667,7.006249999666665,1.5
4420,100.474583333,7.006249999666665,2.5
4421,100.4762499996667,7.006249999666665,1.5
4422,100.477083333,7.006249999666665,0.5
4423,100.4779166663333,7.006249999666665,1.0
4424,100.4787499996667,7.006249999666665,2.5
4425,100.4837499996667,7.006249999666665,0.5
4426,100.4862499996667,7.006249999666665,0.5
4427,100.4879166663333,7.006249999666665,1.5
4428,100.4879166663333,7.006249999666665,0.5
4452,100.4587499996667,7.005416666333331,2.0
4453,100.4637499996667,7.005416666333331,2.0
4454,100.4637499996667,7.005416666333331,1.0
4455,100.4662499996667,7.005416666333331,2.5
4456,100.4687499996667,7.005416666333331,2.5
4457,100.4737499996667,7.005416666333331,1.0
4458,100.4787499996667,7.005416666333331,1.5
4459,100.479583333,7.005416666333331,1.0
4460,100.484583333,7.005416666333331,0.5
4461,100.4854166663333,7.005416666333331,1.5
4462,100.4862499996667,7.005416666333331,2.0
4463,100.487083333,7.005416666333331,1.5
4481,100.4679166663333,7.004583332999998,1.0
4482,100.4687499996667,7.004583332999998,2.0
4483,100.4737499996667,7.004583332999998,2.5
4484,100.4762499996667,7.004583332999998,1.5
4485,100.479583333,7.004583332999998,1.5
4486,100.4804166663333,7.004583332999998,2.5
4487,100.4854166663333,7.004583332999998,0.5
4488,100.4862499996667,7.004583332999998,1.0
4489,100.489583333,7.004583332999998,1.0
4490,100.4912499996667,7.004583332999998,0.5
4491,100.4912499996667,7.004583332999998,1.0
4507,100.4679166663333,7.003749999666664,2.5
4508,100.4687499996667,7.003749999666664,1.5
4509,100.474583333,7.003749999666664,0.5
4510,100.4754166663333,7.003749999666664,2.5
4511,100.4762499996667,7.003749999666664,2.0
4512,100.477083333,7.003749999666664,0.5
4513,100.4779166663333,7.003749999666664,2.5
4514,100.479583333,7.003749999666664,1.0
4515,100.4804166663333,7.003749999666664,1.5
4516,100.4812499996667,7.003749999666664,0.5
4517,100.482083333,7.003749999666664,2.5
4518,100.4879166663333,7.003749999666664,1.5
4519,100.4887499996667,7.003749999666664,1.0
4520,100.4887499996667,7.003749999666664,1.5
4543,100.4662499996667,7.002916666333331,2.0
4544,100.4662499996667,7.002916666333331,1.5
4545,100.4687499996667,7.002916666333331,2.5
4546,100.4729166663333,7.002916666333331,1.0
4547,100.4737499996667,7.002916666333331,1.5
4548,100.474583333,7.002916666333331,2.5
4549,100.4804166663333,7.002916666333331,0.5
4550,100.4812499996667,7.002916666333331,2.5
4551,100.482083333,7.002916666333331,1.0
4552,100.4837499996667,7.002916666333331,2.5
4553,100.4887499996667,7.002916666333331,0.5
4566,100.452083333,7.002083332999997,1.0
4567,100.4587499996667,7.002083332999997,1.0
4568,100.464583333,7.002083332999997,1.5
4569,100.464583333,7.002083332999997,2.0
4570,100.4679166663333,7.002083332999997,1.0
4571,100.4687499996667,7.002083332999997,1.5
4572,100.469583333,7.002083332999997,1.0
4573,100.4729166663333,7.002083332999997,1.5
4574,100.4737499996667,7.002083332999997,2.0
4575,100.4737499996667,7.002083332999997,1.5
4576,100.477083333,7.002083332999997,1.0
4577,100.4779166663333,7.002083332999997,2.0
4578,100.4787499996667,7.002083332999997,1.5
4579,100.482083333,7.002083332999997,1.5
4580,100.487083333,7.002083332999997,1.5
4581,100.4887499996667,7.002083332999997,1.5
4593,100.4429166663333,7.001249999666665,2.0
4594,100.4454166663333,7.001249999666665,2.5
4595,100.4512499996667,7.001249999666665,1.5
4596,100.4579166663333,7.001249999666665,0.5
4597,100.4587499996667,7.001249999666665,2.5
4598,100.462083333,7.001249999666665,0.5
4599,100.469583333,7.001249999666665,2.0
4600,100.472083333,7.001249999666665,1.0
4601,100.4754166663333,7.001249999666665,0.5
4602,100.477083333,7.001249999666665,2.5
4603,100.479583333,7.001249999666665,1.5
4604,100.4804166663333,7.001249999666665,2.5
4605,100.4812499996667,7.001249999666665,2.0
4606,100.482083333,7.001249999666665,2.5
4607,100.482083333,7.001249999666665,1.5
4608,100.484583333,7.001249999666665,2.0
4609,100.4879166663333,7.001249999666665,1.5
4610,100.4887499996667,7.001249999666665,0.5
4625,100.4429166663333,7.000416666333331,0.5
4626,100.4437499996667,7.000416666333331,2.0
4627,100.444583333,7.000416666333331,2.5
4628,100.4454166663333,7.000416666333331,2.0
4629,100.4462499996667,7.000416666333331,0.5
4630,100.4479166663333,7.000416666333331,2.0
4631,100.4487499996667,7.000416666333331,2.5
4632,100.449583333,7.000416666333331,1.5
4633,100.459583333,7.000416666333331,1.5
4634,100.4604166663333,7.000416666333331,0.5
4635,100.467083333,7.000416666333331,1.0
4636,100.474583333,7.000416666333331,2.0
4637,100.4762499996667,7.000416666333331,2.0
4638,100.477083333,7.000416666333331,1.0
4639,100.4787499996667,7.000416666333331,1.5
4640,100.479583333,7.000416666333331,0.5
4641,100.4812499996667,7.000416666333331,1.5
4642,100.484583333,7.000416666333331,2.5
4643,100.484583333,7.000416666333331,1.5
4644,100.4879166663333,7.000416666333331,1.0
4645,100.4887499996667,7.000416666333331,2.0
4657,100.442083333,6.999583332999998,1.5
4658,100.444583333,6.999583332999998,1.0
4659,100.4454166663333,6.999583332999998,1.5
4660,100.4462499996667,6.999583332999998,2.5
4661,100.449583333,6.999583332999998,2.0
4662,100.457083333,6.999583332999998,0.5
4663,100.4612499996667,6.999583332999998,2.0
4664,100.464583333,6.999583332999998,2.0
4665,100.4679166663333,6.999583332999998,1.5
4666,100.4712499996667,6.999583332999998,0.5
4667,100.477083333,6.999583332999998,1.5
4668,100.4787499996667,6.999583332999998,0.5
4669,100.479583333,6.999583332999998,1.5
4670,100.479583333,6.999583332999998,1.0
4671,100.482083333,6.999583332999998,2.0
4672,100.4887499996667,6.999583332999998,1.5
4673,100.4887499996667,6.999583332999998,2.0
4687,100.434583333,6.998749999666664,2.0
4688,100.4379166663333,6.998749999666664,1.0
4689,100.4412499996667,6.998749999666664,1.5
4690,100.4437499996667,6.998749999666664,2.0
4691,100.444583333,6.998749999666664,1.5
4692,100.4454166663333,6.998749999666664,0.5
4693,100.4479166663333,6.998749999666664,1.5
4694,100.4487499996667,6.998749999666664,2.0
4695,100.4487499996667,6.998749999666664,1.5
4696,100.4562499996667,6.998749999666664,0.5
4697,100.457083333,6.998749999666664,1.5
4698,100.459583333,6.998749999666664,1.0
4699,100.4612499996667,6.998749999666664,1.0
4700,100.4687499996667,6.998749999666664,2.5
4701,100.469583333,6.998749999666664,1.5
4702,100.4704166663333,6.998749999666664,1.0
4703,100.4712499996667,6.998749999666664,1.5
4704,100.4712499996667,6.998749999666664,1.0
4705,100.4754166663333,6.998749999666664,1.5
4706,100.4762499996667,6.998749999666664,2.0
4707,100.4812499996667,6.998749999666664,0.5
4708,100.482083333,6.998749999666664,2.5
4709,100.4879166663333,6.998749999666664,0.5
4716,100.434583333,6.997916666333331,0.5
4717,100.437083333,6.997916666333331,0.5
4718,100.4387499996667,6.997916666333331,2.5
4719,100.444583333,6.997916666333331,2.0
4720,100.4537499996667,6.997916666333331,1.5
4721,100.4554166663333,6.997916666333331,2.0
4723,100.462083333,6.997916666333331,1.5
4724,100.464583333,6.997916666333331,2.5
4725,100.464583333,6.997916666333331,1.0
4726,100.4704166663333,6.997916666333331,2.0
4727,100.4729166663333,6.997916666333331,0.5
4728,100.4737499996667,6.997916666333331,1.5
4729,100.477083333,6.997916666333331,1.0
4730,100.4787499996667,6.997916666333331,1.5
4731,100.479583333,6.997916666333331,1.0
4732,100.4804166663333,6.997916666333331,2.5
4733,100.4804166663333,6.997916666333331,1.5
4734,100.487083333,6.997916666333331,2.5
4748,100.4329166663333,6.997083332999997,0.5
4749,100.4379166663333,6.997083332999997,1.0
4750,100.444583333,6.997083332999997,0.5
4751,100.444583333,6.997083332999997,1.5
4752,100.452083333,6.997083332999997,1.0
4755,100.4587499996667,6.997083332999997,1.5
4756,100.4629166663333,6.997083332999997,1.0
4757,100.464583333,6.997083332999997,0.5
4758,100.467083333,6.997083332999997,1.5
4759,100.4704166663333,6.997083332999997,2.5
4760,100.4762499996667,6.997083332999997,0.5
4761,100.477083333,6.997083332999997,1.5
4762,100.479583333,6.997083332999997,2.5
4763,100.482083333,6.997083332999997,1.0
4764,100.4829166663333,6.997083332999997,0.5
4765,100.4837499996667,6.997083332999997,1.5
4766,100.4879166663333,6.997083332999997,1.5
4778,100.4329166663333,6.997083332999997,0.5
4779,100.4479166663333,6.996249999666665,2.5
4780,100.4479166663333,6.996249999666665,1.5
4783,100.4629166663333,6.996249999666665,0.5
4784,100.4679166663333,6.996249999666665,2.5
4785,100.4729166663333,6.996249999666665,1.0
4786,100.4737499996667,6.996249999666665,2.0
4787,100.477083333,6.996249999666665,0.5
4788,100.4787499996667,6.996249999666665,0.5
4789,100.479583333,6.996249999666665,1.5
4790,100.482083333,6.996249999666665,1.5
4791,100.4837499996667,6.996249999666665,1.0
4792,100.4854166663333,6.996249999666665,1.5
4802,100.432083333,6.995416666333331,0.5
4803,100.4462499996667,6.995416666333331,1.0
4804,100.4479166663333,6.995416666333331,0.5
4809,100.4612499996667,6.995416666333331,0.5
4810,100.4629166663333,6.996249999666665,0.5
4811,100.4704166663333,6.995416666333331,1.5
4812,100.4737499996667,6.995416666333331,1.0
4813,100.4754166663333,6.995416666333331,2.5
4814,100.4762499996667,6.995416666333331,1.0
4815,100.477083333,6.995416666333331,1.5
4816,100.4779166663333,6.995416666333331,1.0
4817,100.4787499996667,6.995416666333331,2.5
4818,100.479583333,6.995416666333331,1.0
4819,100.4804166663333,6.995416666333331,2.0
4820,100.4812499996667,6.995416666333331,1.5
4821,100.482083333,6.995416666333331,1.0
4822,100.482083333,6.995416666333331,0.5
4823,100.4854166663333,6.996249999666665,0.5
4829,100.432083333,6.994583332999998,2.0
4830,100.434583333,6.997916666333331,0.5
4831,100.4387499996667,6.997916666333331,0.5
4832,100.4479166663333,6.994583332999998,1.5
4838,100.4704166663333,6.994583332999998,1.5
4839,100.4787499996667,6.994583332999998,2.0
4840,100.4812499996667,6.995416666333331,0.5
4847,100.4304166663333,6.993749999666664,0.5
4854,100.4729166663333,6.993749999666664,0.5
4855,100.4737499996667,6.993749999666664,2.5
4856,100.474583333,6.993749999666664,1.0
4857,100.4779166663333,6.993749999666664,1.0
4858,100.4787499996667,6.993749999666664,1.5
4864,100.4304166663333,6.993749999666664,0.5
4871,100.4712499996667,6.993749999666664,2.5
4872,100.4754166663333,6.992916666333331,2.0
4873,100.4762499996667,6.992916666333331,1.5
4874,100.4779166663333,6.992916666333331,2.0
4875,100.4787499996667,6.992916666333331,1.5
4888,100.4729166663333,6.993749999666664,1.5
4889,100.4754166663333,6.992083332999997,1.5
4890,100.4762499996667,6.992083332999997,2.5
4891,100.477083333,6.992083332999997,1.5
4892,100.482083333,6.992083332999997,0.5
4907,100.4704166663333,6.991249999666664,0.5
4908,100.4762499996667,6.991249999666664,0.5
4909,100.477083333,6.991249999666664,1.5
4910,100.484583333,6.991249999666664,0.5
4918,100.4679166663333,6.990416666333331,0.5
4919,100.4704166663333,6.990416666333331,2.5
4921,100.4762499996667,6.990416666333331,2.5
4922,100.477083333,6.990416666333331,1.0
4939,100.4787499996667,6.989583332999998,2.5
4953,100.469583333,6.988749999666664,2.5
4970,100.467083333,6.987916666333331,2.5
4971,100.4679166663333,6.987916666333331,2.0
4972,100.4687499996667,6.987916666333331,1.0
4973,100.4687499996667,6.987916666333331,1.5
4995,100.4662499996667,6.987083332999998,0.5
5018,100.462083333,6.986249999666664,2.5
5019,100.4637499996667,6.986249999666664,2.0
5020,100.464583333,6.986249999666664,1.0
5053,100.4629166663333,6.985416666333331,0.5
5054,100.464583333,6.985416666333331,1.5
5055,100.4654166663333,6.985416666333331,1.0
5056,100.4662499996667,6.985416666333331,2.0
5088,100.4629166663333,6.984583332999998,1.5
5089,100.464583333,6.984583332999998,0.5
5090,100.4654166663333,6.984583332999998,1.5
5091,100.4654166663333,6.984583332999998,2.5
5130,100.464583333,6.983749999666665,1.5
